Workbook

Sheet Sheet1
A1: First Name | B1: Last Name | C1: Phone | D1: May Salary | E1: June Salary | F1: July Salary | G1: August Salary | H1: Role | I1: Emp. Rating | J1: Rating(1-5)
A2: Maria | B2: Matthews | C2: (726)070-2818x18208 | D2: 6016.44 | E2: 4652.87 | F2: 3239.67 | G2: 5805.58 | H2: System Administrator | I2: 2.3 | J2: 2.3
A3: Jenna | B3: Wilson | C3: (195)473-5348 | D3: 5834.65 | E3: 5712.31 | F3: 4285.86 | G3: 3517.6 | H3: QA Engineer | I3: 3.4 | J3: 3.4
A4: Charles | B4: Morgan | C4: +1-749-103-4818 | D4: 6983.7 | E4: 5847.42 | F4: 3724.53 | G4: 6073.47 | H4: Mobile App Developer | I4: 3.1 | J4: 3.1
A5: Richard | B5: Padilla | C5: 2671171934 | D5: 5911.95 | E5: 3875.44 | F5: 6460.37 | G5: 6585.93 | H5: System Administrator | I5: 2.1 | J5: 2.1
A6: Cindy | B6: Roberts | C6: 662-181-6491x2350 | D6: 5887.35 | E6: 6302.53 | F6: 3036.46 | G6: 4584.24 | H6: Full Stack Developer | I6: 3.1 | J6: 3.1
A7: Lauren | B7: Bailey | C7: 471-089-7083x6110 | D7: 3251.56 | E7: 5657.5 | F7: 6701.17 | G7: 4926.69 | H7: UI/UX Designer | I7: 3.3 | J7: 3.3
A8: Jill | B8: Thomas | C8: 3437092746 | D8: 6555.22 | E8: 4378.33 | F8: 5077.71 | G8: 6216.83 | H8: Mobile App Developer | I8: 4.2 | J8: 4.2
A9: Kristin | B9: Ashley | C9: 071.611.8360x095 | D9: 3348.09 | E9: 3129 | F9: 3442.46 | G9: 4320.48 | H9: QA Engineer | I9: 4.1 | J9: 4.1
A10: Amanda | B10: Howard | C10: 2539646963 | D10: 4182.56 | E10: 5513.64 | F10: 4506.97 | G10: 3813.66 | H10: Backend Developer | I10: 2.3 | J10: 2.3
A11: Joanne | B11: Johnson | C11: 118.323.2444x014 | D11: 6618.09 | E11: 5991.37 | F11: 5949 | G11: 3057.26 | H11: Product Manager | I11: 3.4 | J11: 3.4
A12: Jackie | B12: Velasquez | C12: (074)726-8552 | D12: 3210.37 | E12: 3176.99 | F12: 4590.23 | G12: 6246.14 | H12: Technical Support | I12: 3.1 | J12: 3.1
A13: Alan | B13: Barton | C13: 001-956-422-6754 | D13: 4164.85 | E13: 4887.63 | F13: 5484.8 | G13: 4536.43 | H13: Cloud Engineer | I13: 2.1 | J13: 2.1
... A101: Daniel | B101: Haynes | C101: (532)310-3558x81746 | D101: 4000.69 | E101: 5249.83 | F101: 5403.28 | G101: 6795.31 | H101: Backend Developer | I101: 4.5 | J101: 4.5

Sheet Funtions-sheet
A1: Full Name | B1: First Name (role) | C1: Total Salary | D1: Average Salary | E1: Median | F1: Std | G1: Product | H1: Median>Avg
A2: =_xlfn.CONCAT(Sheet1!A2," ",Sheet1!B2) -> Maria Matthews | B2: =_xlfn.CONCAT(Sheet1!A2, " (",Sheet1!H2,")") -> Maria (System Administrator) | C2: =SUM(Sheet1!D2:G2) -> 19714.56 | D2: =AVERAGE(Sheet1!D2:G2) -> 4928.64 | E2: =MEDIAN(Sheet1!D2:F2,Sheet1!G2) -> 5229.225 | F2: =STDEV(Sheet1!D2:G2) -> 1275.5393 | G2: =PRODUCT(Sheet1!D2,Sheet1!F2:G2) -> 1.1315819e+11 | H2: =IF(E2>D2,"Approved", "Not Approved") -> Approved
A3: =_xlfn.CONCAT(Sheet1!A3," ",Sheet1!B3) -> Jenna Wilson | B3: =_xlfn.CONCAT(Sheet1!A3, " (",Sheet1!H3,")") -> Jenna (QA Engineer) | C3: =SUM(Sheet1!D3:G3) -> 19350.42 | D3: =AVERAGE(Sheet1!D3:G3) -> 4837.605 | E3: =MEDIAN(Sheet1!D3:F3,Sheet1!G3) -> 4999.085 | F3: =STDEV(Sheet1!D3:G3) -> 1126.3574 | G3: =PRODUCT(Sheet1!D3,Sheet1!F3:G3) -> 8.796284e+10 | H3: =IF(E3>D3,"Approved", "Not Approved") -> Approved
A4: =_xlfn.CONCAT(Sheet1!A4," ",Sheet1!B4) -> Charles Morgan | B4: =_xlfn.CONCAT(Sheet1!A4, " (",Sheet1!H4,")") -> Charles (Mobile App Developer) | C4: =SUM(Sheet1!D4:G4) -> 22629.12 | D4: =AVERAGE(Sheet1!D4:G4) -> 5657.28 | E4: =MEDIAN(Sheet1!D4:F4,Sheet1!G4) -> 5960.445 | F4: =STDEV(Sheet1!D4:G4) -> 1378.9223 | G4: =PRODUCT(Sheet1!D4,Sheet1!F4:G4) -> 1.5797703e+11 | H4: =IF(E4>D4,"Approved", "Not Approved") -> Approved
A5: =_xlfn.CONCAT(Sheet1!A5," ",Sheet1!B5) -> Richard Padilla | B5: =_xlfn.CONCAT(Sheet1!A5, " (",Sheet1!H5,")") -> Richard (System Administrator) | C5: =SUM(Sheet1!D5:G5) -> 22833.69 | D5: =AVERAGE(Sheet1!D5:G5) -> 5708.4225 | E5: =MEDIAN(Sheet1!D5:F5,Sheet1!G5) -> 6186.16 | F5: =STDEV(Sheet1!D5:G5) -> 1256.5419 | G5: =PRODUCT(Sheet1!D5,Sheet1!F5:G5) -> 2.5153896e+11 | H5: =IF(E5>D5,"Approved", "Not Approved") -> Approved
A6: =_xlfn.CONCAT(Sheet1!A6," ",Sheet1!B6) -> Cindy Roberts | B6: =_xlfn.CONCAT(Sheet1!A6, " (",Sheet1!H6,")") -> Cindy (Full Stack Developer) | C6: =SUM(Sheet1!D6:G6) -> 19810.58 | D6: =AVERAGE(Sheet1!D6:G6) -> 4952.645 | E6: =MEDIAN(Sheet1!D6:F6,Sheet1!G6) -> 5235.795 | F6: =STDEV(Sheet1!D6:G6) -> 1472.3394 | G6: =PRODUCT(Sheet1!D6,Sheet1!F6:G6) -> 8.1951096e+10 | H6: =IF(E6>D6,"Approved", "Not Approved") -> Approved
A7: =_xlfn.CONCAT(Sheet1!A7," ",Sheet1!B7) -> Lauren Bailey | B7: =_xlfn.CONCAT(Sheet1!A7, " (",Sheet1!H7,")") -> Lauren (UI/UX Designer) | C7: =SUM(Sheet1!D7:G7) -> 20536.92 | D7: =AVERAGE(Sheet1!D7:G7) -> 5134.23 | E7: =MEDIAN(Sheet1!D7:F7,Sheet1!G7) -> 5292.095 | F7: =STDEV(Sheet1!D7:G7) -> 1451.0492 | G7: =PRODUCT(Sheet1!D7,Sheet1!F7:G7) -> 1.0734891e+11 | H7: =IF(E7>D7,"Approved", "Not Approved") -> Approved
A8: =_xlfn.CONCAT(Sheet1!A8," ",Sheet1!B8) -> Jill Thomas | B8: =_xlfn.CONCAT(Sheet1!A8, " (",Sheet1!H8,")") -> Jill (Mobile App Developer) | C8: =SUM(Sheet1!D8:G8) -> 22228.09 | D8: =AVERAGE(Sheet1!D8:G8) -> 5557.0225 | E8: =MEDIAN(Sheet1!D8:F8,Sheet1!G8) -> 5647.27 | F8: =STDEV(Sheet1!D8:G8) -> 1008.4312 | G8: =PRODUCT(Sheet1!D8,Sheet1!F8:G8) -> 2.0693033e+11 | H8: =IF(E8>D8,"Approved", "Not Approved") -> Approved
A9: =_xlfn.CONCAT(Sheet1!A9," ",Sheet1!B9) -> Kristin Ashley | B9: =_xlfn.CONCAT(Sheet1!A9, " (",Sheet1!H9,")") -> Kristin (QA Engineer) | C9: =SUM(Sheet1!D9:G9) -> 14240.03 | D9: =AVERAGE(Sheet1!D9:G9) -> 3560.0075 | E9: =MEDIAN(Sheet1!D9:F9,Sheet1!G9) -> 3395.275 | F9: =STDEV(Sheet1!D9:G9) -> 523.70868 | G9: =PRODUCT(Sheet1!D9,Sheet1!F9:G9) -> 4.9796409e+10 | H9: =IF(E9>D9,"Approved", "Not Approved") -> Not Approved
A10: =_xlfn.CONCAT(Sheet1!A10," ",Sheet1!B10) -> Amanda Howard | B10: =_xlfn.CONCAT(Sheet1!A10, " (",Sheet1!H10,")") -> Amanda (Backend Developer) | C10: =SUM(Sheet1!D10:G10) -> 18016.83 | D10: =AVERAGE(Sheet1!D10:G10) -> 4504.2075 | E10: =MEDIAN(Sheet1!D10:F10,Sheet1!G10) -> 4344.765 | F10: =STDEV(Sheet1!D10:G10) -> 730.13117 | G10: =PRODUCT(Sheet1!D10,Sheet1!F10:G10) -> 7.1890055e+10 | H10: =IF(E10>D10,"Approved", "Not Approved") -> Not Approved
A11: =_xlfn.CONCAT(Sheet1!A11," ",Sheet1!B11) -> Joanne Johnson | B11: =_xlfn.CONCAT(Sheet1!A11, " (",Sheet1!H11,")") -> Joanne (Product Manager) | C11: =SUM(Sheet1!D11:G11) -> 21615.72 | D11: =AVERAGE(Sheet1!D11:G11) -> 5403.93 | E11: =MEDIAN(Sheet1!D11:F11,Sheet1!G11) -> 5970.185 | F11: =STDEV(Sheet1!D11:G11) -> 1594.0757 | G11: =PRODUCT(Sheet1!D11,Sheet1!F11:G11) -> 1.2036744e+11 | H11: =IF(E11>D11,"Approved", "Not Approved") -> Approved
A12: =_xlfn.CONCAT(Sheet1!A12," ",Sheet1!B12) -> Jackie Velasquez | B12: =_xlfn.CONCAT(Sheet1!A12, " (",Sheet1!H12,")") -> Jackie (Technical Support) | C12: =SUM(Sheet1!D12:G12) -> 17223.73 | D12: =AVERAGE(Sheet1!D12:G12) -> 4305.9325 | E12: =MEDIAN(Sheet1!D12:F12,Sheet1!G12) -> 3900.3 | F12: =STDEV(Sheet1!D12:G12) -> 1451.4359 | G12: =PRODUCT(Sheet1!D12,Sheet1!F12:G12) -> 9.2045222e+10 | H12: =IF(E12>D12,"Approved", "Not Approved") -> Not Approved
A13: =_xlfn.CONCAT(Sheet1!A13," ",Sheet1!B13) -> Alan Barton | B13: =_xlfn.CONCAT(Sheet1!A13, " (",Sheet1!H13,")") -> Alan (Cloud Engineer) | C13: =SUM(Sheet1!D13:G13) -> 19073.71 | D13: =AVERAGE(Sheet1!D13:G13) -> 4768.4275 | E13: =MEDIAN(Sheet1!D13:F13,Sheet1!G13) -> 4712.03 | F13: =STDEV(Sheet1!D13:G13) -> 561.40521 | G13: =PRODUCT(Sheet1!D13,Sheet1!F13:G13) -> 1.0362735e+11 | H13: =IF(E13>D13,"Approved", "Not Approved") -> Not Approved
... A101: =_xlfn.CONCAT(Sheet1!A101," ",Sheet1!B101) -> Daniel Haynes | B101: =_xlfn.CONCAT(Sheet1!A101, " (",Sheet1!H101,")") -> Daniel (Backend Developer) | C101: =SUM(Sheet1!D101:G101) -> 21449.11 | D101: =AVERAGE(Sheet1!D101:G101) -> 5362.2775 | E101: =MEDIAN(Sheet1!D101:F101,Sheet1!G101) -> 5326.555 | F101: =STDEV(Sheet1!D101:G101) -> 1143.3618 | G101: =PRODUCT(Sheet1!D101,Sheet1!F101:G101) -> 1.4689319e+11 | H101: =IF(E101>D101,"Approved", "Not Approved") -> Not Approved
